3.17.221.79	 
3.80.13.137	 
3.80.13.138	 
3.80.13.139	 
3.80.13.155	 
3.80.13.156	 
3.80.13.157	 
3.80.241.174	 
3.125.111.194	 
3.220.76.205	 
12.129.29.5	 
12.147.44.40	 
13.110.33.38	 
13.110.34.38	 
13.110.35.166	 
18.195.82.11	 
18.197.166.15	 
18.209.184.194	 
18.218.18.178	 
18.218.120.233	 
18.219.134.155	 
18.224.186.109	 
23.78.200.121	 
23.100.227.187	 
23.102.135.246	 
23.195.69.111	 
23.202.231.170	 
23.222.40.62	 
23.253.192.160	 
24.240.123.249	 
34.235.52.140	 
34.238.36.203	 
34.228.139.88	 
34.239.35.243	 
34.249.134.20	 
35.183.194.7	 
35.196.34.69	 
35.196.181.4	 
35.202.123.80	 
35.224.178.194	 
35.224.181.242	 
35.225.109.231	 
35.225.127.100	 
35.226.107.192	 
35.227.114.140	 
35.229.101.186	 
40.73.87.143	 
40.116.232.108	 
44.239.245.81	 
45.35.192.162	 
45.183.223.51	 
45.183.222.52	 
45.183.223.52	 
45.183.223.53	 
45.183.222.64	 
45.183.223.64	 
45.183.244.22	 
45.183.244.51	 
45.183.245.22	 
45.183.245.51	 
46.18.105.10	 
46.18.105.11	 
46.18.105.21	 
46.18.105.23	 
50.16.230.128	 
50.17.218.177	 
52.5.11.49	 
52.7.216.6	 
52.11.217.157	 
52.28.246.72	 
52.60.40.126	 
52.71.137.162	 
52.71.139.95	 
52.48.236.203	 
52.157.176.190	 
54.69.197.34	 
54.78.176.169	 
54.93.135.13	 
54.164.5.194	 
54.171.61.106	 
54.171.70.247	 
54.171.72.204	 
54.172.116.220	 
54.187.71.138	 
52.206.121.151	 
54.225.231.216	 
66.192.29.46	 
66.193.233.131	 
74.84.216.215	 
75.101.133.179	 
76.74.49.10	 
76.74.49.60	 
82.94.160.21	 
84.241.158.10	 
85.90.48.127	 
85.90.60.170	 
103.44.239.130	 
104.154.135.219	 
107.0.219.140	 
107.178.217.48	 
129.146.89.37	 
129.213.9.106	 
129.213.178.12	 
129.213.188.241	 
129.213.191.35	 
130.211.155.13	 
130.211.161.53	 
139.217.235.234	 
148.244.219.212	 
157.55.136.231	 
167.68.21.86	 
167.68.32.224	 
169.54.131.232	 
169.54.131.233	 
170.54.58.201	 
170.54.58.202	 
172.87.230.38	 
173.227.244.119	 
174.129.41.188	 
174.129.208.208	 
174.140.129.132	 
174.140.130.117	 
170.54.61.182	 
170.54.118.10	 
170.54.118.140	 
185.160.32.153	 
185.160.32.154	 
186.250.99.247	 
186.250.99.249	 
187.86.226.8	 
187.86.226.44	 
187.86.227.62	 
187.86.227.63	 
189.9.67.77	 
189.9.67.78	 
189.9.67.86	 
189.30.131.197	 
189.30.131.198	 
189.30.131.200	 
189.90.165.46	 
189.90.165.48	 
191.234.189.127	 
192.188.251.35	 
192.237.130.58	 
195.142.103.224	 
195.142.103.226	 
195.142.103.230	 
195.142.103.232	 
198.186.189.242	 
200.33.252.63	 
200.187.29.22	 
200.187.29.23	 
200.189.124.38	 
200.189.124.36	 
200.189.124.57	 
200.189.124.58	 
200.198.239.19	 
200.198.239.34	 
200.198.239.95	 
200.198.239.132	 
200.198.239.181	 
200.233.3.103	 
200.233.3.105	 
200.233.4.136	 
200.233.4.137	 
200.233.4.140	 
200.233.4.141	 
200.233.4.142	 
200.233.4.143	 
200.233.14.136	 
200.233.14.137	 
200.233.14.140	 
200.233.14.141	 
200.233.14.143	 
200.238.83.69	 
200.238.83.70	 
200.242.61.15	 
200.242.61.36	 
201.16.234.51	 
201.16.234.52	 
201.16.234.53	 
201.16.234.64	 
201.49.172.12	 
201.49.172.13	 
201.49.172.14	 
201.55.62.10	 
201.55.62.86	 
205.216.112.23	 
208.22.57.176	 
208.64.205.143	 
209.43.40.101	 
212.49.145.75	 
212.49.145.109	 
212.54.134.110	 
216.109.104.11	 
216.109.104.152	 
216.241.125.110	 
217.33.210.74
